Date,Price,Open,High,Low,Vol.,Change %
01/02/2020,69.5895592212581,71.43714985623863,71.6059888397767,69.49371485980662,112.00M,0.00%
01/03/2020,72.0016840925691,71.21376715601782,72.39482770434634,70.84368594924729,137.28M,3.47%
01/06/2020,73.33203042130025,72.45330574491817,73.55920884559016,72.10545265069469,183.06M,1.85%
01/07/2020,72.31085098291577,71.61743582783122,74.77855503860759,71.40768135406516,240.62M,-1.39%
01/08/2020,73.18913674675657,72.2489325171555,73.33000237039181,71.6990397860524,133.57M,1.21%
01/09/2020,74.3638069094856,73.64457180143395,75.37942883590729,73.6401660257422,147.75M,1.60%
01/10/2020,75.08000136723987,75.21307825592886,75.91640840707113,74.70718957404891,142.33M,0.96%
01/13/2020,76.0744515008242,75.72637707718623,76.27747534719003,75.44160242284467,115.22M,1.32%
01/14/2020,77.42614917260494,76.59733536167603,77.5203790220533,75.95630043634982,134.05M,1.78%
01/15/2020,78.74038779898969,76.99230672711815,79.22625347988384,76.70493376881282,145.95M,1.70%
01/16/2020,152.30653660889655,150.1396057145916,153.114715854853,149.62685305628145,100.08M,93.43%
01/17/2020,150.03961560428618,147.00851793200317,150.03961560428618,146.30767362904282,124.95M,-1.49%
01/21/2020,149.01977502871375,149.14278828941784,149.85563295969638,147.65232240162737,74.59M,-0.68%
01/22/2020,150.0405487029016,148.7342893077419,151.4128957805559,148.7060551312343,69.12M,0.68%
01/23/2020,151.71334366717332,150.51598865486122,152.12362792664513,149.89704727105558,54.51M,1.11%
01/24/2020,150.98225489175718,151.72673288187798,152.52415381796084,150.57091161567047,60.39M,-0.48%
01/27/2020,151.313216754757,151.8143974903389,152.12271443949922,150.3503889493759,65.46M,0.22%
01/28/2020,150.4598167523365,151.2118279538823,151.40528707797222,149.89771111832394,55.02M,-0.56%
01/29/2020,150.89500169262007,150.19235215690304,151.44760112037963,150.0687280746798,56.79M,0.29%
01/30/2020,147.84715807049037,150.05345899924293,150.05345899924293,147.8176829168256,65.19M,-2.02%
01/31/2020,118.25465409728507,115.69538398510126,118.51119357573236,115.66626738692993,126.91M,-20.02%
02/03/2020,124.47078131774124,119.29310108648127,124.72966075824387,119.16680370561295,338.05M,5.26%
02/04/2020,125.89491015968308,128.74242280586216,128.86053908061749,123.93913739211185,345.94M,1.14%
02/05/2020,124.80574007464178,124.58651970211598,125.16990844345246,123.02224880084805,211.50M,-0.87%
02/06/2020,126.34280590708678,126.22983747632371,126.91880624593318,125.03098408398876,163.02M,1.23%
02/07/2020,125.19727126606992,127.10602666330746,127.47689001125934,123.66917954759926,155.55M,-0.91%
02/10/2020,124.72744391253704,125.92179540676537,126.57655307196855,124.37841562973718,187.63M,-0.38%
02/11/2020,129.1673930932456,127.6804533201346,130.84381427942182,125.96364692412536,225.70M,3.56%
02/12/2020,134.2035826249835,132.65684664673557,134.74444129636015,130.47751439548009,152.47M,3.90%
02/13/2020,131.2300406013133,137.52716710630503,137.87627442294445,126.97497631874484,200.12M,-2.22%
02/14/2020,147.1340218814231,147.28061092870698,147.78429277383282,146.26411080340472,56.37M,12.12%
02/18/2020,147.09743274745952,147.18199632200373,147.73877677685093,146.09362583268697,46.40M,-0.02%
02/19/2020,146.33514737043353,146.37821394977493,146.8498975684325,145.59906710686934,54.13M,-0.52%
02/20/2020,146.0633519129095,146.2772357542078,146.54521132186503,145.3957945606048,48.91M,-0.19%
02/21/2020,145.7025098590832,146.39641322702866,147.95191279378827,145.52142932607146,69.02M,-0.25%
02/24/2020,145.6029177955392,146.03853659035985,146.75619996315993,145.41361381623975,48.49M,-0.07%
02/25/2020,148.8155228600695,146.18285463723177,149.0816525641201,145.78589617333157,73.78M,2.21%
02/26/2020,148.9101966941643,149.01369382997947,149.3977664044371,148.1626838362381,59.38M,0.06%
02/27/2020,151.0633626645822,148.4960369766994,151.18219475212894,146.36152702180618,103.56M,1.45%
02/28/2020,150.26086140515642,150.43130818279508,151.61480612754494,149.09367381117005,92.23M,-0.53%
03/02/2020,148.70004452875793,148.38460720355673,149.04849654326918,147.20494907962103,68.03M,-1.04%
03/03/2020,146.18617277619688,148.56592837425873,148.83500237369086,145.6930290534989,129.87M,-1.69%
03/04/2020,142.81755578873097,144.19441415170843,144.67035351244064,141.22995334667314,123.48M,-2.30%
03/05/2020,143.55696948749582,143.88288182431248,144.63668856314888,142.67722502118917,75.83M,0.52%
03/06/2020,146.04102808264273,144.63968737574535,146.06996642017535,143.75772797414126,76.40M,1.73%
03/09/2020,146.97881604241542,146.8560125769734,147.14087041108863,145.93931827103088,64.84M,0.64%
03/10/2020,146.86943174450516,145.7976799167224,147.2621621443223,145.43265810368592,53.48M,-0.07%
03/11/2020,145.06102281046685,145.44119298036517,145.94597979962262,143.87665979083752,74.15M,-1.23%
03/12/2020,141.992615318507,143.291067600447,144.57707765443735,141.69636881772027,108.97M,-2.12%
03/13/2020,142.81211272569723,142.28842053048032,144.45040781117254,142.12496548454757,74.60M,0.58%
03/16/2020,126.72589085554483,129.66754502340982,129.66754502340982,126.72589085554483,88.07M,-11.26%
03/17/2020,125.83995890294216,123.39480195922444,126.45976197605445,122.79521851683752,126.14M,-0.70%
03/18/2020,122.94610439609994,123.36866862119777,124.44788518187937,122.24513193456993,112.17M,-2.30%
03/19/2020,124.82786659512975,124.59233173655547,126.27305591335794,124.20601521819168,105.86M,1.53%
03/20/2020,127.50968600443294,126.23643573095184,127.90677311949074,125.75372973956127,81.92M,2.15%
03/23/2020,126.29752157883773,126.73669533033954,126.87279681829197,125.15787782861867,74.24M,-0.95%
03/24/2020,124.8053801500668,126.73646755042806,127.0864941775775,124.6197090056157,63.34M,-1.18%
03/25/2020,124.77036678078106,123.27703639655442,124.89052826760243,122.78703885305416,92.61M,-0.03%
03/26/2020,127.51780114391042,125.27032997139771,127.81164299755469,125.2384673884215,76.86M,2.20%
03/27/2020,125.39287629426757,127.7689291283825,127.87298947671961,125.22233471520138,79.30M,-1.67%
03/30/2020,77.83106836319219,79.54456736077675,79.86941087717888,77.79938680528386,162.30M,-37.93%
03/31/2020,76.9578430118428,78.00375286789804,79.06453496817025,75.9113990066087,200.62M,-1.12%
04/01/2020,77.46106281195085,76.24955393080491,77.56504427055054,75.36665551961313,158.93M,0.65%
04/02/2020,76.92017548455406,75.09835157854366,76.9673035947222,75.06555980385623,166.35M,-0.70%
04/03/2020,78.71595487201998,78.38627959574669,78.9094418273366,77.55658279553163,135.37M,2.33%
04/06/2020,78.11638045389286,78.75103551110979,79.61414970562588,78.11638045389286,101.73M,-0.76%
04/07/2020,79.74790710870403,79.17566328202219,79.88259019829165,78.97466785909977,111.50M,2.09%
04/08/2020,79.11975512245552,79.76762929596642,80.20132691972168,79.03658358492395,102.69M,-0.79%
04/09/2020,79.77457830470598,79.11318845148344,79.83684318060652,78.85644817479348,81.80M,0.83%
04/13/2020,79.16068776452978,81.00620246819979,81.02134168126896,79.16068776452978,125.52M,-0.77%
04/14/2020,127.06402795393599,126.12052773338782,128.04732513791515,126.06242023050764,63.09M,60.51%
04/15/2020,126.89885076014625,127.89532220840061,128.17028735284316,126.22763317516176,72.01M,-0.13%
04/16/2020,126.73961811476458,126.89563779428464,127.54756215682985,126.52623605842427,56.58M,-0.13%
04/17/2020,125.47459080754838,126.47732884846536,127.83785206109039,125.04184115156909,94.63M,-1.00%
04/20/2020,124.77176794333653,125.45534841396552,125.685137084952,124.70155987677202,71.31M,-0.56%
04/21/2020,124.48109831099715,125.12700282928128,125.23548026186066,123.87972377925449,67.64M,-0.23%
04/22/2020,125.14546815893874,124.33468949611101,125.29143548109748,123.9194465596319,59.28M,0.53%
04/23/2020,123.53635827367019,124.43552182776175,124.7017755318436,123.03201867736142,76.23M,-1.29%
04/24/2020,126.09327827195554,124.07480629924243,126.09785322178173,123.75777325183591,75.17M,2.07%
04/27/2020,125.81426627535856,126.22234476601807,126.45927120513952,124.72511137222266,71.06M,-0.22%
04/28/2020,118.94628257104611,116.96020845801044,121.05922829029876,116.74311362732657,169.41M,-5.46%
04/29/2020,122.64618250690745,121.05332748999004,123.71449484230843,120.11281159135774,128.17M,3.11%
04/30/2020,123.14435499553181,121.85628305186566,123.39106964028944,121.10712378433732,89.00M,0.41%
05/01/2020,122.84630678752491,123.4241652409772,123.704390472078,122.0474375393042,78.97M,-0.24%
05/04/2020,122.23100565219035,122.72688341880391,122.8662957778417,121.67354210496508,78.26M,-0.50%
05/05/2020,123.55177040738175,122.31006992042514,124.55124121055987,122.19160072072212,86.71M,1.08%
05/06/2020,124.43983892762594,124.41227074890614,124.9629330924918,123.13282086076569,82.23M,0.72%
05/07/2020,121.59524715194443,124.46194171985697,125.94700192296534,120.79984833030062,115.09M,-2.29%
05/08/2020,123.12512047159838,120.50234902980488,123.75458205777522,120.21296280733398,81.31M,1.26%
05/11/2020,122.55899342898269,122.14816464878606,122.7946450516002,120.30825959056381,86.94M,-0.46%
05/12/2020,131.0444918645103,128.86893249719105,131.26483121345314,128.53033751744115,88.64M,6.92%
05/13/2020,128.95825270037344,131.03647761533497,131.03647761533497,128.79312428861547,90.22M,-1.59%
05/14/2020,127.1750478677818,128.64284704001213,130.20451960746394,127.02425796955552,111.60M,-1.38%
05/15/2020,127.76212742830427,127.65984435308003,128.41917289312812,126.84671050547864,90.76M,0.46%
05/18/2020,131.92795352927612,128.71672360770722,132.59188368865034,128.62064165399792,104.32M,3.26%
05/19/2020,136.82041997882797,133.9972050490698,139.38323590960957,133.642244578843,120.53M,3.71%
05/20/2020,138.8594961139575,136.27971417758704,139.94364183857212,134.99165217515278,114.46M,1.49%
05/21/2020,142.95607994747397,142.89412147076234,144.90242630012432,136.6317344409417,157.61M,2.95%
05/22/2020,143.16699066382756,143.5700425648188,144.2415702329315,141.35648444180003,98.39M,0.15%
05/26/2020,141.92739817485113,143.2822768417209,144.3749105523548,140.4842456008824,140.84M,-0.87%
05/27/2020,137.30505060425398,139.42668256521895,142.3021138303709,136.68279229594523,142.62M,-3.26%
05/28/2020,132.0400883332095,135.788702097502,136.75592364343171,130.23821676626238,177.52M,-3.83%
05/29/2020,134.23280365958973,133.6257028363227,135.11159204768836,131.005248474675,106.24M,1.66%
06/01/2020,134.92421398338396,135.62441485605777,136.4399981835296,134.5564369884653,83.31M,0.52%
06/02/2020,133.93982184934916,135.77011873587014,135.77011873587014,133.4451470937106,89.88M,-0.73%
06/03/2020,137.47619473115705,136.32930938119432,137.47619473115705,134.6271574733567,84.18M,2.64%
06/04/2020,136.7808945165246,137.1544163011497,137.49666153756715,136.02159071269838,75.69M,-0.51%
06/05/2020,137.12931623644283,136.08391980571295,137.12931623644283,134.9603614492714,71.30M,0.25%
06/08/2020,135.98228285268362,136.567820195619,137.8809013005657,135.89321963345148,76.77M,-0.84%
06/09/2020,135.32168754954054,136.57830129273447,136.93387603401538,134.39433153128687,73.05M,-0.49%
06/10/2020,88.26594744623353,87.03787986937421,88.79836453781363,86.58394854583793,166.65M,-34.77%
06/11/2020,83.86380756854611,87.28244521866719,87.8238115038706,83.85440559664852,201.66M,-4.99%
06/12/2020,84.77828795016651,86.23292724827218,86.80853218281415,83.52207221784904,200.15M,1.09%
06/15/2020,85.63846396309924,83.2402731923327,86.52911612616002,83.23189449674403,138.81M,1.01%
06/16/2020,88.07620822230648,87.97630573484071,88.33969306528455,86.13427820772955,165.43M,2.85%
06/17/2020,87.84301675458823,88.71904469672596,88.71904469672596,87.84301675458823,114.41M,-0.26%
06/18/2020,87.97190604404426,87.88098905311774,88.36492634422463,87.40655922518354,96.82M,0.15%
06/19/2020,87.50932899377413,88.64336657323582,89.2322443997891,86.33891063306764,264.48M,-0.53%
06/22/2020,89.73376494966061,87.74068615481451,89.75090601761056,87.68032961373672,135.45M,2.54%
06/23/2020,91.52007873220116,91.08198333432247,93.22825244996719,90.57245942012828,212.16M,1.99%
06/24/2020,145.26960887944867,145.4406253978556,145.90895955723676,144.6007847404254,74.99M,58.73%
06/25/2020,146.69303283809626,145.6819084689647,148.0827401324209,145.6819084689647,77.34M,0.98%
06/26/2020,148.27847777588713,147.12475892826455,148.57977624936083,146.94097306321294,71.45M,1.08%
06/29/2020,149.15798292617248,148.14025712315717,150.03630598100395,147.81361177752538,72.43M,0.59%
06/30/2020,146.78616049036148,149.32517546348586,149.32517546348586,145.48325766031792,104.82M,-1.59%
07/01/2020,144.8153725938085,144.99213310747922,146.79910078511892,142.51557111360904,118.93M,-1.34%
07/02/2020,145.85200448624022,144.57603318314835,146.61524565430489,144.5451476993466,56.70M,0.72%
07/06/2020,145.75770428331387,144.32593619941542,146.42675061435344,144.27772545637342,70.44M,-0.06%
07/07/2020,145.55646330861018,146.29195532226163,147.04809442912997,145.21265613526302,62.88M,-0.14%
07/08/2020,147.2383881324599,145.615572258872,147.99983094997992,145.00078898660615,64.79M,1.16%
07/09/2020,119.01930229411398,119.3266715212533,119.70046011980509,117.68453923552819,81.69M,-19.17%
07/10/2020,120.1358578007702,119.03667830084714,120.91132829889712,118.19285649828979,91.18M,0.94%
07/13/2020,119.33645472745886,119.6102397950234,120.87209831847652,118.86950930022317,74.27M,-0.67%
07/14/2020,118.13602597970846,118.64239106951023,119.95709866211038,118.07890949162216,76.32M,-1.01%
07/15/2020,118.68111269253865,117.4330001099348,119.1889368400656,116.65450019314248,74.11M,0.46%
07/16/2020,117.35645166950493,118.65194742931298,118.86431714954928,117.22679099197825,73.60M,-1.12%
07/17/2020,113.62115835515048,116.9100354464754,117.68113103145113,113.59864779336709,127.96M,-3.18%
07/20/2020,115.31627582162834,114.0060036545615,115.70584060621124,112.63893282046365,113.87M,1.49%
07/21/2020,116.05595355518439,115.57987832978017,116.82393791933283,115.24472777125374,76.50M,0.64%
07/22/2020,116.57607709386727,116.41318625305871,117.50342502188015,116.25935501582052,46.69M,0.45%
07/23/2020,81.3319980534555,81.31122142675704,81.60296417292349,80.62235407958019,80.11M,-30.23%
07/24/2020,79.84948786370457,78.69839037827116,80.00454508943965,78.59134568152571,152.76M,-1.82%
07/27/2020,80.99340635103158,80.04242449457998,81.18465787134821,80.01874511908893,93.98M,1.43%
07/28/2020,80.05021578420896,80.70478015488581,81.02330831543244,79.41574017098371,100.57M,-1.16%
07/29/2020,78.18146792435304,79.55126024950557,80.1028701670123,77.61128069426717,129.71M,-2.33%
07/30/2020,74.61371431424378,74.31718693665898,75.99757787255693,72.41968742609973,222.20M,-4.56%
07/31/2020,71.92168877901007,75.11684507315641,75.64908643484597,71.51712777956713,230.67M,-3.61%
08/03/2020,73.30246130300067,71.4261142077215,74.43905412022566,71.4261142077215,198.71M,1.92%
08/04/2020,68.3819146089004,70.20494965877124,71.48026987700932,68.19855039293857,320.61M,-6.71%
08/05/2020,68.26749916996549,64.28033868371371,69.6319487597815,64.04957892884732,426.88M,-0.17%
08/06/2020,120.73109172917354,126.9917625519067,128.7843233254478,120.73109172917354,257.60M,76.85%
08/07/2020,120.80546092048218,120.07809368877325,123.7150408734453,111.07470715323818,332.61M,0.06%
08/10/2020,112.83583574313624,113.96065950509707,118.80920517910485,112.76236180471457,231.37M,-6.60%
08/11/2020,117.31925005301058,117.14104892045377,119.0408276880588,115.22045706822276,176.94M,3.97%
08/12/2020,113.34973519252844,120.29620783944557,120.57905324984796,112.63507083686021,182.27M,-3.38%
08/13/2020,111.96007695190575,114.46345830830728,115.08824496239306,109.87531943970446,180.86M,-1.23%
08/14/2020,115.2021949738605,114.57947098191354,116.07441690824652,112.92143769555955,140.15M,2.90%
08/17/2020,115.6080879306588,118.25974754680459,118.94578787539045,113.7154270735863,184.64M,0.35%
08/18/2020,112.12387845707079,115.23858606213464,115.96888532750059,112.0230432238899,155.03M,-3.01%
08/19/2020,110.29824706749707,109.65717010164877,112.53645796663737,108.83384094412435,178.01M,-1.63%
08/20/2020,121.62313387529238,122.5603385727285,123.5033368263276,121.48564474392498,79.08M,10.27%
08/21/2020,127.8416161018435,124.42640570758873,127.8416161018435,123.97296492470807,157.57M,5.11%
08/24/2020,127.75699362948512,127.34619887951462,128.46578636327348,126.68377125204528,98.21M,-0.07%
08/25/2020,128.74089142644567,128.72805170126568,129.58853453613372,128.02908549535297,94.36M,0.77%
08/26/2020,126.67115282692852,129.0326629661457,129.0326629661457,126.19589656968805,192.54M,-1.61%
08/27/2020,128.33156586688963,125.05323652305648,128.33156586688963,123.67478844972801,121.25M,1.31%
08/28/2020,131.81609404544255,131.65325487655448,134.53371366420902,129.5563597595138,169.35M,2.72%
08/31/2020,130.71636050967234,132.2427108369799,132.35081408211983,130.71636050967234,88.22M,-0.83%
09/01/2020,132.10079452692463,131.37996616536608,133.44640358165677,131.30577908355014,54.93M,1.06%
09/02/2020,136.56205371579145,133.99384935750425,137.21350629901738,133.5992823733865,124.49M,3.38%
09/03/2020,89.91036639605811,91.46822005548526,92.13101983818107,89.56727847263694,192.62M,-34.16%
09/04/2020,91.20606733992017,90.0641215184585,91.23841771049348,89.3046309674806,137.52M,1.44%
09/08/2020,88.43672373605031,91.0465773859297,91.36545268879449,88.20339688351088,205.26M,-3.04%
09/09/2020,90.39199115546715,88.39542529774472,90.39199115546715,87.75515242062421,130.65M,2.21%
09/10/2020,91.15087122745011,90.03283561801445,91.50154816162377,90.02136133075406,140.22M,0.84%
09/11/2020,90.9944048742938,91.34918321454455,91.77147624620419,90.98713597146484,110.74M,-0.17%
09/14/2020,91.1589476681509,91.9756108012602,92.74988682896257,90.93538550424117,114.04M,0.18%
09/15/2020,93.4597497059368,92.6271002309823,94.21644218356576,92.39225004023976,118.66M,2.52%
09/16/2020,93.07981490224735,93.75544510619882,94.61599423934163,93.0534081965657,112.42M,-0.41%
09/17/2020,95.24868493475287,94.30643287238433,95.24868493475287,93.89657920826846,117.09M,2.33%
09/18/2020,143.72393289034324,142.27641031164927,143.89681625843187,141.53051984396978,69.91M,50.89%
09/21/2020,144.87445134316462,143.5959967340471,144.87445134316462,143.5959967340471,67.94M,0.80%
09/22/2020,146.62092729273616,143.5404689530484,147.12947312929936,142.956033375618,85.59M,1.21%
09/23/2020,148.7784698339083,147.0036726995619,149.41860513235133,146.62084640720138,76.38M,1.47%
09/24/2020,149.1343419836421,148.60980125375698,149.87958990184683,148.02949655421722,58.42M,0.24%
09/25/2020,149.41662925454165,148.52895457837812,149.55220709768733,147.98866584559664,61.42M,0.19%
09/28/2020,148.79912476295445,149.53869130157045,150.28178698290904,148.6635813571482,58.88M,-0.41%
09/29/2020,148.46964489099824,148.78528211300267,149.40958399985405,147.67974242111094,50.72M,-0.22%
09/30/2020,149.25045370334567,149.4515309167387,150.87640119198568,149.01965940915355,60.89M,0.53%
10/01/2020,148.93893234639563,149.32852828262116,149.4966862447739,148.68724398993,56.09M,-0.21%
10/02/2020,179.60706925200964,175.35314396693013,179.82073029664645,174.75068913634854,115.40M,20.59%
10/05/2020,175.7060970526844,181.29120550530817,182.14963513083532,175.40617697548115,153.24M,-2.17%
10/06/2020,174.2583143167132,175.27710065274925,177.72207645888741,172.2269997191602,139.38M,-0.82%
10/07/2020,179.06294425309915,174.9835121591276,179.39227190914593,172.2464381074865,131.06M,2.76%
10/08/2020,172.35054673308898,179.3590721813456,180.99624430725277,170.77772978403823,150.19M,-3.75%
10/09/2020,171.365695955316,170.0127533113725,173.52503484609446,169.61876927750848,195.92M,-0.57%
10/12/2020,170.18543490144728,168.39341136200815,170.28162780925905,167.34666127422543,107.50M,-0.69%
10/13/2020,173.0568513252868,171.69845993096888,173.33674118517135,169.15370091662,91.19M,1.69%
10/14/2020,175.63106349798525,172.80429104247474,175.67462501784996,172.15960418456635,92.14M,1.49%
10/15/2020,176.11785578511376,175.76032894220242,176.4859223206446,175.4564795409612,68.36M,0.28%
10/16/2020,152.22345553208504,152.53983369973855,155.2623573360622,152.22345553208504,80.31M,-13.57%
10/19/2020,153.67718978872253,153.98494028042174,154.58723677172526,152.0981178736417,71.17M,0.96%
10/20/2020,154.6626573262398,153.72735499175852,154.6626573262398,153.03429501946326,57.87M,0.64%
10/21/2020,156.88912356826495,155.03676325653598,157.43841749793432,154.13889535513087,82.28M,1.44%
10/22/2020,155.28319028378226,156.7483479501091,157.33121982861712,154.04400517057138,74.42M,-1.02%
10/23/2020,154.1078400260241,155.7078385123188,155.87068312356422,153.6923034139307,57.31M,-0.76%
10/26/2020,149.02355816518698,154.814877429484,155.33133498999223,148.553029223019,140.89M,-3.30%
10/27/2020,149.18752858855154,150.74667247053912,151.28634477274844,148.69610274933163,102.40M,0.11%
10/28/2020,148.23294306722278,150.3677338081937,151.2112204871834,147.13682178334545,109.30M,-0.64%
10/29/2020,148.9436608749161,148.5318563809707,149.68495190519778,146.2129610737628,83.28M,0.48%
10/30/2020,121.1249436283191,120.31748623116921,121.3487709188195,118.92147520059581,94.07M,-18.68%
11/02/2020,121.35075983846943,121.5723796349167,122.75341948352815,120.80002057213605,80.82M,0.19%
11/03/2020,119.85719516171483,120.26556601280755,120.31463229297195,119.03639543735581,85.67M,-1.23%
11/04/2020,122.06234081244067,121.65153435129896,123.56151790097182,121.24422983417105,118.32M,1.84%
11/05/2020,123.00170626487765,123.50304806555651,124.02211087960507,122.62399266250546,75.09M,0.77%
11/06/2020,125.8297128506374,123.82243884977396,126.1446172590225,123.17637026973284,88.65M,2.30%
11/09/2020,126.22266176024597,126.51623488694116,127.11587424065993,125.49807369864408,80.17M,0.31%
11/10/2020,127.70978995751906,125.94297083856425,127.87968494945616,125.18501186993423,83.47M,1.18%
11/11/2020,130.33209542902043,128.8720342870393,130.44019636625427,128.6290699055732,88.84M,2.05%
11/12/2020,132.84420364952763,129.73019660305658,132.90602461374002,129.3461619074959,106.69M,1.93%
11/13/2020,77.33036465173463,80.23187995956104,80.59871004153527,77.02531790630087,199.59M,-41.79%
11/16/2020,77.18106608871689,76.13644142605338,78.40431603999969,75.4993107901802,173.99M,-0.19%
11/17/2020,79.58214535012787,78.72210107995896,80.01724204329827,78.47058136832976,136.62M,3.11%
11/18/2020,80.2939113431624,80.9208730825546,81.18814775618026,79.73447552346495,118.83M,0.89%
11/19/2020,81.3462568044872,80.60257799757042,81.35095347059021,80.04430986924058,105.43M,1.31%
11/20/2020,79.89693164087232,80.56385397823689,80.91129076883253,79.39810724162608,117.68M,-1.78%
11/23/2020,80.53292273940701,78.6972037590225,80.53292273940701,78.4547122468944,109.35M,0.80%
11/24/2020,79.99623219569484,80.88410563973379,80.892793102949,79.63477455987483,94.32M,-0.67%
11/25/2020,81.75954768449179,80.43065473671231,81.75954768449179,80.38955720086028,113.73M,2.20%
11/27/2020,81.15606282915809,81.10826796650532,81.50371751611797,80.7476025316615,94.75M,-0.74%
11/30/2020,126.76559386334874,126.45060897247512,128.70775229806284,126.23245354901228,74.40M,56.20%
12/01/2020,126.94598412326413,126.97524738788839,127.81492164797922,126.46446394851648,56.88M,0.14%
12/02/2020,125.85750978097138,127.1242811453788,128.24939244219615,125.78266354517291,71.19M,-0.86%
12/03/2020,127.2915036719519,126.39289890026949,127.48667308438573,125.93262948282356,53.52M,1.14%
12/04/2020,130.46250931694678,127.60728413474672,130.46250931694678,126.92043601929394,96.91M,2.49%
12/07/2020,129.65224154536517,130.07333951819686,130.85312767548348,129.36329402595774,62.75M,-0.62%
12/08/2020,130.06999150881225,130.23709733671768,130.9527208559047,128.47554307349833,91.82M,0.32%
12/09/2020,131.9578934394775,129.69972723165617,132.64585487293243,129.68498263393772,96.72M,1.45%
12/10/2020,130.2649440801542,130.96807031510173,131.27781629529468,130.2649440801542,108.95M,-1.28%
12/11/2020,132.14940791954507,130.083736482412,132.51323264249118,129.1119912094489,79.66M,1.45%
12/14/2020,134.78555959601184,134.6606149530371,135.01188994648575,133.70136029240518,66.91M,1.99%
12/15/2020,134.2338862078442,134.94793615378458,135.2308819573923,134.05069313470707,66.02M,-0.41%
12/16/2020,133.4196611939955,134.27773110384183,134.89122282983402,133.13990593006875,107.76M,-0.61%
12/17/2020,133.49646539766383,136.3480305813494,136.8966209508473,132.42825761283373,151.10M,0.06%
12/18/2020,131.32150391633326,131.6273124312748,133.3888049029005,131.1192326748393,109.84M,-1.63%
12/21/2020,132.52236098992338,132.23937965059798,134.0781176462762,131.80174513104012,75.14M,0.91%
12/22/2020,127.76052333884775,131.22450114962132,131.43914456090968,126.74987353886199,137.56M,-3.59%
12/23/2020,127.98962087959795,129.2756038017518,130.49357934829393,127.96905444632142,84.00M,0.18%
12/24/2020,129.46724689852692,127.87245027216993,129.96745786927107,127.23346355174681,78.13M,1.15%
12/28/2020,130.22817251812887,130.88787518005822,131.24300134254926,129.373996660605,78.97M,0.59%
12/29/2020,71.67050164616599,70.06530311627766,71.89823327747736,69.38697485324225,194.99M,-44.97%
12/30/2020,71.09803629690694,70.5296612895731,71.5626806312174,70.0917092434525,131.15M,-0.80%
12/31/2020,71.63329744193537,71.86902846634982,72.13598406914245,70.66545495093165,157.13M,0.75%
01/04/2021,70.68539988024992,71.21953733144524,71.73383470224307,69.19930298407557,215.25M,-1.32%
01/05/2021,69.21963797385708,69.59734796760024,70.52769546463297,69.21637163147477,130.02M,-2.07%
01/06/2021,67.10299051935411,69.2045408299749,69.34139338182038,66.29008067429189,180.99M,-3.06%
01/07/2021,68.97976277541804,68.40477841011355,69.34229540155141,68.05446093099648,117.06M,2.80%
01/08/2021,68.84544780991484,69.04853192835992,70.44771897372088,68.64971231509932,124.81M,-0.19%
01/11/2021,70.60931491969507,69.11495736221735,70.77101284156923,69.11495736221735,126.51M,2.56%
01/12/2021,70.77395961471947,70.5593583309656,71.21685651170262,69.96183016703915,117.09M,0.23%
01/13/2021,78.87590336325096,78.3430907209211,79.07362391459732,78.05472648805684,108.83M,11.45%
01/14/2021,79.71798923702326,79.05093642470852,79.7523275694104,78.7934579969756,137.82M,1.07%
01/15/2021,79.06285151247353,79.33497958561031,79.78512826384163,79.0457445469371,110.84M,-0.82%
01/19/2021,79.36580106049198,79.627779849867,80.05409506172627,79.20401728715352,101.83M,0.38%
01/20/2021,79.72964788584015,79.49561411460809,79.87657793623275,78.90947410427421,104.47M,0.46%
01/21/2021,79.62768653484827,80.18711069903618,80.71175558445086,79.36437945806607,146.54M,-0.13%
01/22/2021,77.18284829120945,77.48021910428524,77.94323420496022,76.10321705624627,161.94M,-3.07%
01/25/2021,79.44026187565876,78.06505690374048,79.62907711006572,78.05124753299266,162.23M,2.92%
01/26/2021,81.10142955865328,81.25709005346549,81.86134822098026,80.32987817307895,216.60M,2.09%
01/27/2021,81.16176881912303,80.18221488435074,81.16176881912303,79.73076348081108,126.74M,0.07%
01/28/2021,75.1135220370985,74.20236101851172,75.22555663781351,73.8059960342265,135.65M,-7.45%
01/29/2021,74.29968333106315,74.35415906605691,75.03692584725528,74.0892788690901,146.54M,-1.08%
02/01/2021,74.84056173785812,73.35278199190661,75.09242376333636,73.25775655374895,118.58M,0.73%
02/02/2021,74.57942138748803,75.00837803499489,75.19680859314803,74.20480686454736,111.51M,-0.35%
02/03/2021,75.790973293144,74.21690249818559,76.05074900697885,74.21690249818559,132.36M,1.62%
02/04/2021,77.2388697495847,76.8105708367454,77.69376274173406,76.41502314115601,170.49M,1.91%
02/05/2021,77.52461919424447,77.64412077655986,78.16600907655454,76.98970638652085,140.87M,0.37%
02/08/2021,79.26356221549365,77.78396781298103,79.42054842038273,77.78396781298103,122.09M,2.24%
02/09/2021,78.12838575725529,79.1156416654365,79.32228921819583,77.94056162862641,162.61M,-1.43%
02/10/2021,77.90538798924149,78.1319164019204,78.74340685450903,77.2798184780105,121.92M,-0.29%
02/11/2021,74.58359077357939,70.58682229345963,75.33886617113131,69.59537844019856,341.40M,-4.26%
02/12/2021,72.37895893438169,75.90666874145639,76.0599809099286,71.35287879727603,319.48M,-2.96%
02/16/2021,75.74916317563869,74.24435329419983,75.77967620454713,73.40095017177829,219.18M,4.66%
02/17/2021,73.30004423692587,73.85072613529209,74.79038878233212,72.83745507231039,187.57M,-3.23%
02/18/2021,72.14685121764488,70.49355486448118,72.72664531145051,70.27309926447163,226.18M,-1.57%
02/19/2021,66.56093034303636,66.00533354033273,69.41824446514914,65.78726620518118,286.74M,-7.74%
02/22/2021,71.28229776872585,69.26223301651387,71.63196226421931,67.43000624504717,285.29M,7.09%
02/23/2021,68.76317303144506,69.2982287867259,70.28605079326815,67.88211322265431,256.38M,-3.53%
02/24/2021,62.03431536898813,63.84578212698107,67.53337648796379,61.968364513036825,418.47M,-9.79%
02/25/2021,69.4271130793428,66.1579850816878,69.88315966030136,63.29355604202143,370.73M,11.92%
02/26/2021,63.758651804822044,62.630693520603906,63.96292666211424,62.367956445379825,167.98M,-8.16%
03/01/2021,63.60261543671537,63.91013241184044,65.60798927709472,63.069420823330404,197.00M,-0.24%
03/02/2021,60.160588269685796,61.592377457083195,62.22747583949032,59.81079339263593,176.22M,-5.41%
03/03/2021,61.185655928954134,60.2096537821723,61.34883076702216,59.32708302582181,165.93M,1.70%
03/04/2021,60.32702491036404,60.63580192393475,61.348909731025685,59.750668882894324,129.88M,-1.40%
03/05/2021,65.61524877423301,62.8078485601997,65.83803489898203,62.363829925098436,201.82M,8.77%
03/08/2021,64.92527369490377,67.71487727506214,67.83319521396446,64.77083145883802,202.89M,-1.05%
03/09/2021,66.56595084035749,65.7329889186656,66.74841999327394,65.30069405309375,168.90M,2.53%
03/10/2021,67.00344326192132,67.23011759637437,67.65260922841392,66.23612640816945,162.12M,0.66%
03/11/2021,68.29219507706368,66.93120076062664,68.50608412602676,66.47575375973793,131.02M,1.92%
03/12/2021,134.6308277413525,138.0484051526673,139.07780385090845,134.44588410242855,121.05M,97.14%
03/15/2021,133.8927659225656,135.54444710915385,135.93965459397765,133.52599628047346,96.45M,-0.55%
03/16/2021,132.6306747524292,133.92809029706382,134.7538012381979,131.77643605065512,99.12M,-0.94%
03/17/2021,129.61121187551356,133.58136926848906,133.6804598677136,126.82359756125993,143.30M,-2.28%
03/18/2021,131.03569227836218,129.11124488131344,131.73839335605692,128.300243345379,97.66M,1.10%
03/19/2021,126.85640098081147,127.37860397460312,130.9522188744878,126.31044631357132,155.09M,-3.19%
03/22/2021,130.99937961514829,128.29139547240896,131.51204837121804,127.9678350082994,109.58M,3.27%
03/23/2021,131.8609018076973,132.26502318688642,132.6583645479401,130.41539948880822,105.16M,0.66%
03/24/2021,128.9007526913559,129.19927297737166,130.03112685441081,128.25065471602218,100.62M,-2.24%
03/25/2021,128.77821541706547,128.45815766511524,129.54800715367494,126.78796088113968,91.95M,-0.10%
03/26/2021,92.76886925893199,96.94124931036255,97.11820797084287,92.01217333162818,197.00M,-27.96%
03/29/2021,92.57508039772077,91.05273822630966,92.96115303509238,89.06162147445012,185.44M,-0.21%
03/30/2021,94.68040049837484,93.86332654972205,94.98894087507821,93.40311086366191,121.21M,2.27%
03/31/2021,93.25053350946249,94.6211486411664,94.6211486411664,93.25053350946249,103.63M,-1.51%
04/01/2021,95.062563631634,93.68065977670607,95.17464699588383,93.68065977670607,90.33M,1.94%
04/05/2021,96.09341471612085,94.01849173177425,96.34078819203822,93.57947590512367,158.13M,1.08%
04/06/2021,106.46617142122538,102.93753012913797,106.46617142122538,100.80281259465966,374.30M,10.79%
04/07/2021,108.9469191346839,108.37425444836197,111.56652662071885,107.93998331607575,308.15M,2.33%
04/08/2021,109.5804280292123,109.21879798610316,110.72148143808987,108.47456739244677,172.79M,0.58%
04/09/2021,109.88065290464583,109.55570223918382,110.36685098448604,108.93475296766022,121.99M,0.27%
04/12/2021,113.02677474535967,112.86454480975573,115.57448600400005,112.41766459415383,144.71M,2.86%
04/13/2021,116.46965308592725,113.84056337556544,116.48939758356875,113.55328234367215,106.24M,3.05%
04/14/2021,113.24860890906852,115.71335593448634,116.27043434043549,112.39727119072153,161.50M,-2.77%
04/15/2021,115.06350094990702,114.58211199366401,115.6352512596893,114.05623005778341,96.85M,1.60%
04/16/2021,114.83275815160256,116.32708467998081,116.58239633783387,114.5966442658496,83.48M,-0.20%
04/19/2021,117.16542391910387,115.39179482944823,117.3669922676537,114.78063478348919,100.51M,2.03%
04/20/2021,124.45419173501071,120.1858329247685,125.35918928914224,119.3874551104687,240.23M,6.22%
04/21/2021,121.06922743502543,125.33396194387167,125.50606937859817,119.635589011485,262.33M,-2.72%
04/22/2021,121.2099525436264,121.0297445015277,122.86852357385958,119.66280255549864,151.06M,0.12%
04/23/2021,120.76722160457655,118.81431433654785,121.05622986190487,118.11297549621368,112.56M,-0.37%
04/26/2021,113.73725323167754,110.18328569339515,114.45120935899322,109.86438984948215,202.43M,-5.82%
04/27/2021,111.12752140478007,113.23383871487171,113.4869627035045,110.33383299297655,198.05M,-2.29%
04/28/2021,112.67925758085559,112.60590902923738,113.8500246780119,109.89058834270317,212.40M,1.40%
04/29/2021,109.43548847242818,111.99385861193693,112.2398639857272,109.00778930543088,187.90M,-2.88%
04/30/2021,112.92635204070025,110.4903175981389,113.41052499791677,110.29693710904334,165.94M,3.19%
05/03/2021,114.9404532396453,114.47941722411683,116.00266989580324,114.00514526096735,210.08M,1.78%
05/04/2021,115.10108051793598,114.76401834652025,115.10108051793598,113.25058171332401,165.57M,0.14%
05/05/2021,114.75107483473602,116.1910924892224,116.1910924892224,113.99452883802562,119.56M,-0.30%
05/06/2021,115.17916495004297,114.40416185204721,115.77977093641418,114.12486865519772,105.63M,0.37%
05/07/2021,115.84384892899095,115.99747654579738,117.30465689891038,115.42353830343191,145.54M,0.58%
05/10/2021,156.7984506257625,159.4586972808236,160.66431328882047,156.6747457766175,76.96M,35.35%
05/11/2021,160.12652090624107,159.49993705199557,161.13334368712682,158.8861769134652,88.75M,2.12%
05/12/2021,165.13351401618755,160.02306348516214,165.6295625815548,159.91206724657548,174.05M,3.13%
05/13/2021,164.61361388838833,167.35347164125042,170.23343119113818,164.50290255931174,152.42M,-0.31%
05/14/2021,163.64865368968634,158.73100554675733,164.2473700324285,157.62528387189786,136.74M,-0.59%
05/17/2021,161.65758486265693,164.12318213120795,165.08522760225387,159.5888240729876,118.02M,-1.22%
05/18/2021,165.09605758403146,164.3806180166927,167.97318765713746,164.3806180166927,107.50M,2.13%
05/19/2021,171.00190772577855,169.16234347627702,171.81008356626876,168.17351099285895,120.41M,3.58%
05/20/2021,175.1366197961449,172.14592742846037,176.0513022436971,170.5278886937322,117.00M,2.42%
05/21/2021,174.5687437363345,175.08942609456983,176.75496395606157,173.7978698130617,108.92M,-0.32%
05/24/2021,108.92051053331592,111.19746967971331,111.9047286897874,107.590931969291,190.57M,-37.61%
05/25/2021,108.76278095258913,109.19044927059635,110.62703902450576,107.32164270161242,122.87M,-0.14%
05/26/2021,110.29569033472359,109.59558009319932,111.58031263022087,108.84839724004209,107.62M,1.41%
05/27/2021,115.0068359841556,114.01923283558847,115.41640387267871,112.28141118714332,138.24M,4.27%
05/28/2021,118.91041183513552,117.88584230448569,119.75227666963423,116.70949959142436,126.39M,3.39%
06/01/2021,118.76674665150307,118.55115666642061,119.16648766785907,116.1638938542804,114.46M,-0.12%
06/02/2021,116.18438018525603,120.5339443576162,121.89013826572128,116.04352738811225,154.52M,-2.17%
06/03/2021,115.89027333563598,115.79571035317068,117.46080102405227,114.24444095290082,138.02M,-0.25%
06/04/2021,119.44681731286853,117.17591395611498,119.71067461819712,116.38707705362924,112.29M,3.07%
06/07/2021,119.290395796334,119.58904070873564,120.52823527762608,118.53915321063965,103.35M,-0.13%
06/08/2021,147.8960247136721,148.9489685383015,149.66740918730724,147.65791735576425,41.00M,23.98%
06/09/2021,149.99299999830944,148.4163186012977,150.2100334221609,147.49312632622443,63.80M,1.42%
06/10/2021,150.2828503177583,150.25366611238246,151.79218850892937,149.37133950855247,59.22M,0.19%
06/11/2021,150.722615542655,149.7677416906711,151.47602941675527,149.25716944890442,59.26M,0.29%
06/14/2021,153.3306194156219,151.06569681733805,154.88346220468466,150.7106114733597,88.81M,1.73%
06/15/2021,157.699312774972,153.8721487893019,158.67097084843937,152.96346748764418,137.83M,2.85%
06/16/2021,160.265721771642,158.03545130205006,161.07144601340826,156.64195389815285,117.31M,1.63%
06/17/2021,160.9041429680351,161.60987729724621,165.7802790384238,160.9041429680351,117.47M,0.40%
06/18/2021,161.52101282072843,161.06318014795647,162.04369784177712,158.98506476246757,96.04M,0.38%
06/21/2021,161.84418862028434,160.626024890917,161.92865498039734,159.84744994474974,69.46M,0.20%
06/22/2021,106.80442196247299,110.52428030820286,110.91745086427441,106.08695478503331,287.10M,-34.01%
06/23/2021,109.89038116454694,104.6251987885244,110.11871337070957,102.96206803906577,195.71M,2.89%
06/24/2021,111.72094047544132,112.58118701131438,112.90853131006948,108.97962575639744,183.06M,1.67%
06/25/2021,107.07054283358627,111.5192966495321,112.15835665141202,106.90007339839809,150.72M,-4.16%
06/28/2021,108.28952057372805,105.27017597716153,110.14119213799863,104.96083460884759,167.74M,1.14%
06/29/2021,112.09194038684176,108.47154995867554,112.33867443059422,107.53928167280077,149.98M,3.51%
06/30/2021,114.90769219459189,115.09722228588342,115.3790026780793,112.5251988333855,137.67M,2.51%
07/01/2021,114.21399506905057,114.44887887080628,115.3126987741339,113.5250585212879,100.06M,-0.60%
07/02/2021,115.75845490469196,113.57633368773566,117.23424714295581,113.57633368773566,142.68M,1.35%
07/06/2021,116.54292358244508,117.53706911543775,117.7974582096011,115.74918643478513,116.12M,0.68%
07/07/2021,60.627454093318434,60.531603009498376,64.81739340568159,59.93680529039197,322.42M,-47.98%
07/08/2021,63.26646018470727,62.01063226771794,64.36589182074202,59.567257204191044,324.06M,4.35%
07/09/2021,61.72361572378711,59.91425792846771,62.44674667889735,59.35369642289491,300.23M,-2.44%
07/12/2021,61.08329787865564,61.99076168629409,63.13023410147409,60.565515664888,271.86M,-1.04%
07/13/2021,57.39667883764831,61.84127456343331,62.96210627140788,56.96342304126592,401.69M,-6.04%
07/14/2021,56.04662694438611,56.94056929815657,57.03870908496927,53.21435177386068,336.75M,-2.35%
07/15/2021,61.68855742836272,59.10264725947625,61.92615661013354,58.60894884703444,287.53M,10.07%
07/16/2021,61.336863537551416,62.74416254751363,64.63855898325437,61.09094112686562,303.60M,-0.57%
07/19/2021,64.67118161132613,61.4805174889622,64.67118161132613,61.4805174889622,252.56M,5.44%
07/20/2021,61.928863290045825,63.23072286866854,63.93569901217385,61.761883977343544,204.22M,-4.24%
07/21/2021,79.5683128643217,79.13269188205322,79.8391882715626,78.22790411881215,112.95M,28.48%
07/22/2021,79.56603868538068,79.22158636674995,80.98207448909952,78.8421858403972,133.80M,-0.00%
07/23/2021,79.48244511112644,79.80507403017552,80.22861043697311,79.03454585255413,153.60M,-0.11%
07/26/2021,80.38382175423098,79.42626271224637,80.60120307226155,79.36217878079233,81.02M,1.13%
07/27/2021,80.97647532367208,80.1714502625424,80.97647532367208,79.72518381907841,87.64M,0.74%
07/28/2021,81.1610553658751,81.07454571932823,81.56660850747332,80.59534037233819,104.49M,0.23%
07/29/2021,80.61321942522773,81.0442418172325,81.54771441864382,80.2021626727694,87.56M,-0.67%
07/30/2021,82.91121729835385,80.80632253734947,82.94723484727727,80.80632253734947,137.25M,2.85%
08/02/2021,83.45622714001367,82.5693700932244,83.45622714001367,81.80915636141546,95.65M,0.66%
08/03/2021,86.11937574278461,82.99376210252416,86.45950042230066,82.96002243156248,147.71M,3.19%
08/04/2021,121.01337185781259,120.29535683920325,121.3141825719935,119.06285119594975,88.11M,40.52%
08/05/2021,124.0557635899916,121.50224378000647,124.11617550009372,120.24972983695513,92.59M,2.51%
08/06/2021,125.79161519182152,125.74658617627385,127.28845514651456,124.57007124329162,115.23M,1.40%
08/09/2021,124.75186854655878,123.98310857596125,125.66382204249312,122.2952947960006,111.93M,-0.83%
08/10/2021,120.4014627732504,122.94221149857638,123.1198711951505,120.12712228923272,121.47M,-3.49%
08/11/2021,119.9438676711572,119.84566636854706,121.52950231719093,119.514568022993,185.55M,-0.38%
08/12/2021,123.22901973023096,120.33758861499831,123.901016886632,120.33758861499831,111.91M,2.74%
08/13/2021,122.5855624320193,123.45025218326897,124.34263822146616,122.16738128228005,95.47M,-0.52%
08/16/2021,120.2178305460356,122.74584851893731,123.1319327089794,120.0157479640446,88.53M,-1.93%
08/17/2021,120.57540360647158,119.39984991639956,121.51681065647247,119.27031736060964,98.84M,0.30%
08/18/2021,131.02726520310972,132.50076676505802,133.0011713667228,130.4146891392445,91.42M,8.67%
08/19/2021,134.56734052175682,132.2594226932564,134.61551325614062,132.05871239570362,91.27M,2.70%
08/20/2021,131.79547524810448,134.90256109814817,135.1262722256021,131.6353254902021,87.22M,-2.06%
08/23/2021,134.29206908236935,133.78244509251826,134.9944351996453,133.74491368414203,89.35M,1.89%
08/24/2021,134.13607412193372,133.9691272221595,134.9564437012527,133.29452135143785,84.92M,-0.12%
08/25/2021,134.8739507225269,133.5808451007115,135.48762287725538,133.09035484340023,94.26M,0.55%
08/26/2021,133.16620536455974,134.9953332277027,135.44319110717305,131.82258264422893,94.81M,-1.27%
08/27/2021,133.4911703698018,132.51643581448891,133.8061582307984,131.3440584837142,68.85M,0.24%
08/30/2021,132.1722201743719,133.0686743745918,134.19345692403337,131.1219512119209,84.57M,-0.99%
08/31/2021,134.3287534115743,132.25721802865291,135.2737796793562,132.25721802865291,78.76M,1.63%
09/01/2021,95.77899704397574,96.37455313038372,96.37455313038372,94.69946202294032,125.64M,-28.70%
09/02/2021,95.99548468178796,95.31744341049946,96.21755670406748,94.77364395886832,90.26M,0.23%
09/03/2021,95.35655641604912,97.2599199366511,99.94886404262519,95.14897167034897,191.65M,-0.67%
09/07/2021,97.04352595890407,94.69076516069367,97.24031195988385,93.94483517297904,170.99M,1.77%
09/08/2021,97.92749088055783,99.11270184140074,99.19006430953223,96.59512628530324,153.20M,0.91%
09/09/2021,96.47132005557768,96.54593145908288,97.4083440961557,95.92431719307844,110.58M,-1.49%
09/10/2021,96.26501380488871,96.89245419392174,97.17244739361323,95.83910182983138,92.19M,-0.21%
09/13/2021,98.37677781419407,96.49132404214711,98.52769923720065,95.97416192472227,90.32M,2.19%
09/14/2021,96.95455356686178,98.95383109919291,99.25666837679279,96.71908414277364,103.65M,-1.45%
09/15/2021,97.19279635555182,96.64849347539038,97.91025581539724,96.55053794892254,89.00M,0.25%
09/16/2021,141.43161539970689,143.79048796418047,144.25270518880745,141.36081154365084,89.06M,45.52%
09/17/2021,142.85427617962074,141.83788726920605,142.8663801712465,138.99177376005693,94.64M,1.01%
09/20/2021,139.1209908752678,141.65822738423353,142.37233807066204,138.3480742552623,98.32M,-2.61%
09/21/2021,140.922595332128,139.43195056735073,142.43299118726432,139.243078971978,80.86M,1.29%
09/22/2021,141.78533199159148,139.18967516548457,142.139059491145,138.33369827708088,83.22M,0.61%
09/23/2021,143.6062130787141,143.1623563444509,144.07421432040573,142.8079218563417,61.73M,1.28%
09/24/2021,142.86808551860787,144.01230072337407,144.16829638886452,142.4596667395988,58.77M,-0.51%
09/27/2021,142.87206215572286,142.23125637773606,145.11289407168147,141.9022525795019,64.45M,0.00%
09/28/2021,141.40084240870067,143.1915185940717,143.3931021424091,141.11799429599796,73.04M,-1.03%
09/29/2021,140.95523013293004,141.24198863073516,141.47787501658271,139.16228366626592,78.76M,-0.32%
09/30/2021,135.3271992158209,135.98880213867434,136.52130059583678,133.92541173884536,64.28M,-3.99%
10/01/2021,135.2817031328166,134.3430052632399,135.73879299283507,133.7003989886789,60.15M,-0.03%
10/04/2021,133.25107917322134,135.30551186408712,135.85319866792756,132.93637129996526,80.58M,-1.50%
10/05/2021,130.6560721572625,131.32553649095266,132.16816448856088,129.70219990382384,98.09M,-1.95%
10/06/2021,129.97238596421337,129.26441520407775,129.97238596421337,127.37925583682504,96.86M,-0.52%
10/07/2021,129.90487476126086,130.2667678362477,130.78674172284116,128.88307020194276,87.67M,-0.05%
10/08/2021,125.94798797561161,128.1476416397041,129.74076958473375,125.51992146857944,103.92M,-3.05%
10/11/2021,125.8225095628432,123.76375966499286,126.80583220364325,118.26772510205832,158.27M,-0.10%
10/12/2021,125.28606671482463,125.0788553285583,125.49635522435067,122.20610896607766,111.04M,-0.43%
10/13/2021,120.93447706419269,124.85545107015794,126.63349705632888,120.37575216227901,148.20M,-3.47%
10/14/2021,120.96321673903869,122.66138573663645,124.84134368653756,120.96321673903869,164.56M,0.02%
10/15/2021,127.77748095909536,123.6574432142926,128.01885321246203,122.86262200887063,116.31M,5.63%
10/18/2021,125.10249837948261,128.3932058058871,128.87387272454137,124.94578873657875,102.26M,-2.09%
10/19/2021,122.11964602723803,124.96462162161083,125.85018227770087,121.92656903637494,112.97M,-2.38%
10/20/2021,120.06715474173997,121.56766380730603,123.64459839127845,118.65551624408765,178.15M,-1.68%
10/21/2021,121.326380770737,120.93258144522376,122.02990296829525,117.78764018307159,153.77M,1.05%
10/22/2021,116.35909530746346,120.88852526232851,121.21074094034063,116.27093323595679,154.38M,-4.09%
10/25/2021,120.8847744682616,118.9270139822399,122.12269016661894,118.92235796456848,129.53M,3.89%
10/26/2021,119.9972079140404,121.79622063941562,122.08085909906013,119.49800512301059,111.94M,-0.73%
10/27/2021,121.73293252310873,122.58617491880534,123.28183768056205,121.29775957594073,103.03M,1.45%
10/28/2021,119.15339983558383,121.1937628425115,121.54546846794972,118.9483819327335,115.39M,-2.12%
10/29/2021,116.05936162945756,120.03263732991148,120.13725370339503,115.73735311490196,120.64M,-2.60%
11/01/2021,117.40116389766142,116.18159203353156,119.03496852486019,115.65428965556626,124.42M,1.16%
11/02/2021,116.94726719961884,116.56614099914215,118.72384759866335,116.47394848584752,89.95M,-0.39%
11/03/2021,115.76290777145738,117.36626773271698,118.17650355374755,114.65167569684264,101.99M,-1.01%
11/04/2021,114.923923463016,116.44075198459316,116.46257658421973,114.20327543419613,82.57M,-0.72%
11/05/2021,114.81726809811079,114.11705651625027,116.3745095388497,112.79942631626226,111.85M,-0.09%
11/08/2021,116.63689640068752,115.43378313677604,117.29978289119167,114.703265995494,92.28M,1.58%
11/09/2021,111.11167585859859,115.11263797543862,115.47388387585131,111.11167585859859,143.94M,-4.74%
11/10/2021,115.44627189077734,112.54774171468699,116.94097188630396,112.09577938816638,146.13M,3.90%
11/11/2021,146.36205397729097,149.61142119065573,150.72312121280507,146.05222646369893,86.33M,26.78%
11/12/2021,146.59737121842383,145.0815828016578,147.84182841077745,144.66509454741833,86.96M,0.16%
11/15/2021,148.45642172185666,147.5624718751246,148.47937080515922,146.85831006459344,60.55M,1.27%
11/16/2021,149.7962998044076,148.29588833070022,150.1376729284667,147.9900369524959,60.13M,0.90%
11/17/2021,149.07312595561012,149.63506142586238,151.02182884063217,149.07312595561012,48.61M,-0.48%
11/18/2021,148.2878389171822,150.13940777670192,150.37702018872105,147.76441978649424,58.99M,-0.53%
11/19/2021,147.33579151011847,148.4009367659331,149.07854506920538,147.33579151011847,48.60M,-0.64%
11/22/2021,148.48115002645474,147.4455501862836,149.00642787536788,146.86702937348701,55.80M,0.78%
11/23/2021,153.0978385750776,149.14557043834165,153.44872536077776,148.48241956328755,90.96M,3.11%
11/24/2021,151.88375518505887,152.78855023222528,152.88522981140983,151.3376701087991,86.45M,-0.79%
11/26/2021,144.60778564533734,143.17844700473103,144.86581476797622,142.8365718079127,104.91M,-4.79%
11/29/2021,143.39439453948717,141.57961269996864,144.29498383131494,140.6130008186243,105.58M,-0.84%
11/30/2021,145.2023767905603,142.693670926123,145.66265112634727,142.6717640033329,99.89M,1.26%
12/01/2021,144.58305093125864,146.26800233915625,146.33703372982495,144.02976608390557,76.30M,-0.43%
12/02/2021,145.66934534194112,144.0021073978893,147.43937471689537,143.58911363062097,100.83M,0.75%
12/03/2021,149.34192604888406,148.08738542073465,149.599392288772,147.7799647747827,127.05M,2.52%
12/06/2021,148.433039258867,149.11117412777804,150.1799306757972,146.9899691462987,106.82M,-0.61%
12/07/2021,146.34750250448985,148.5690482077673,149.88667357417998,146.07440632826737,93.25M,-1.41%
12/08/2021,142.17855107586905,143.98791231933612,144.0740449354134,141.75871454191642,121.43M,-2.85%
12/09/2021,146.30435837500283,143.3383929821656,147.35026492315976,142.8260795608478,96.35M,2.90%
12/10/2021,133.9696934872407,131.94540711979158,134.19704991479122,131.84349203472473,74.78M,-8.43%
12/13/2021,134.0922230829151,133.77267583071634,134.2611435120694,133.25239615768388,60.21M,0.09%
12/14/2021,133.35589788359198,134.44614724637378,134.45414989765325,132.83389858653396,68.71M,-0.55%
12/15/2021,133.12179063480667,133.61627268963565,133.83443380207746,132.9566958864641,70.78M,-0.18%
12/16/2021,134.85365793764734,133.24601310140318,135.29590128881114,133.24601310140318,62.11M,1.30%
12/17/2021,136.17977797668246,134.72748364240675,136.57151187858747,134.11193721373616,64.56M,0.98%
12/20/2021,137.0091066948929,135.87754724990901,137.59675910906253,135.79857853269607,63.26M,0.61%
12/21/2021,137.2747579747785,136.78782276470653,137.2747579747785,135.7978902545012,52.49M,0.19%
12/22/2021,139.91749580097283,137.9345501042458,139.93851825324745,137.4425412858215,78.95M,1.93%
12/23/2021,142.18653321422067,140.00508695173872,142.98142045180748,140.00508695173872,108.18M,1.62%
12/27/2021,180.16702699369918,176.8558389438563,180.17845384624684,176.8558389438563,74.92M,26.71%
12/28/2021,179.33928719985448,179.93831743335878,181.2161576267963,178.31871119423943,79.14M,-0.46%
12/29/2021,179.64093768058865,179.4042904831396,180.69622116968682,178.18821268003833,62.35M,0.17%
12/30/2021,178.0740800030886,179.27125042706604,180.70929069310816,178.0740800030886,59.77M,-0.87%
12/31/2021,177.51728195605332,178.1085223258085,179.0600264934702,177.04883120679082,64.06M,-0.31%
