,daily_return
2024-01-02 00:00:00+00:00,0.0
2024-01-03 00:00:00+00:00,0.0
2024-01-04 00:00:00+00:00,0.0
2024-01-05 00:00:00+00:00,0.0
2024-01-06 00:00:00+00:00,0.0
2024-01-07 00:00:00+00:00,0.0
2024-01-08 00:00:00+00:00,0.0
2024-01-09 00:00:00+00:00,0.0
2024-01-10 00:00:00+00:00,0.0
2024-01-11 00:00:00+00:00,0.0
2024-01-12 00:00:00+00:00,0.0
2024-01-13 00:00:00+00:00,0.0
2024-01-14 00:00:00+00:00,0.0
2024-01-15 00:00:00+00:00,0.0
2024-01-16 00:00:00+00:00,0.0
2024-01-17 00:00:00+00:00,0.0
2024-01-18 00:00:00+00:00,0.0
2024-01-19 00:00:00+00:00,0.0
2024-01-20 00:00:00+00:00,0.0
2024-01-21 00:00:00+00:00,0.0
2024-01-22 00:00:00+00:00,0.0
2024-01-23 00:00:00+00:00,0.0
2024-01-24 00:00:00+00:00,0.0
2024-01-25 00:00:00+00:00,0.0
2024-01-26 00:00:00+00:00,0.0
2024-01-27 00:00:00+00:00,0.0
2024-01-28 00:00:00+00:00,0.0
2024-01-29 00:00:00+00:00,0.0
2024-01-30 00:00:00+00:00,0.0
2024-01-31 00:00:00+00:00,0.0
2024-02-01 00:00:00+00:00,0.0
2024-02-02 00:00:00+00:00,-0.0009039335924188041
2024-02-03 00:00:00+00:00,0.0
2024-02-04 00:00:00+00:00,0.0
2024-02-05 00:00:00+00:00,0.003608405870997311
2024-02-06 00:00:00+00:00,0.0031828415247074915
2024-02-07 00:00:00+00:00,0.00021543317929273442
2024-02-08 00:00:00+00:00,-0.0021342871621776727
2024-02-09 00:00:00+00:00,0.0010399922990513844
2024-02-10 00:00:00+00:00,0.0
2024-02-11 00:00:00+00:00,0.0
2024-02-12 00:00:00+00:00,-0.003332358728032614
2024-02-13 00:00:00+00:00,-0.004149874114017571
2024-02-14 00:00:00+00:00,-0.0017577151313459272
2024-02-15 00:00:00+00:00,-0.0005737471223021817
2024-02-16 00:00:00+00:00,-0.0030683398979742815
2024-02-17 00:00:00+00:00,0.0
2024-02-18 00:00:00+00:00,0.0
2024-02-19 00:00:00+00:00,0.0
2024-02-20 00:00:00+00:00,-0.0031248226963555004
2024-02-21 00:00:00+00:00,0.0
2024-02-22 00:00:00+00:00,0.0
2024-02-23 00:00:00+00:00,0.0
2024-02-24 00:00:00+00:00,0.0
2024-02-25 00:00:00+00:00,0.0
2024-02-26 00:00:00+00:00,0.0
2024-02-27 00:00:00+00:00,0.0
2024-02-28 00:00:00+00:00,0.0
2024-02-29 00:00:00+00:00,0.0
2024-03-01 00:00:00+00:00,-0.0009297070007789898
2024-03-02 00:00:00+00:00,0.0
2024-03-03 00:00:00+00:00,0.0
2024-03-04 00:00:00+00:00,0.011114763263972094
2024-03-05 00:00:00+00:00,0.003052666107351776
2024-03-06 00:00:00+00:00,0.0
2024-03-07 00:00:00+00:00,0.0
2024-03-08 00:00:00+00:00,0.0
2024-03-09 00:00:00+00:00,0.0
2024-03-10 00:00:00+00:00,0.0
2024-03-11 00:00:00+00:00,0.0
2024-03-12 00:00:00+00:00,0.0
2024-03-13 00:00:00+00:00,-0.001168912295043678
2024-03-14 00:00:00+00:00,-0.01027162939259918
2024-03-15 00:00:00+00:00,-0.0009043425894923462
2024-03-16 00:00:00+00:00,0.0
2024-03-17 00:00:00+00:00,0.0
2024-03-18 00:00:00+00:00,-0.010266306388948543
2024-03-19 00:00:00+00:00,0.0
2024-03-20 00:00:00+00:00,0.0
2024-03-21 00:00:00+00:00,0.0
2024-03-22 00:00:00+00:00,0.0
2024-03-23 00:00:00+00:00,0.0
2024-03-24 00:00:00+00:00,0.0
2024-03-25 00:00:00+00:00,0.0
2024-03-26 00:00:00+00:00,0.0
2024-03-27 00:00:00+00:00,0.0
2024-03-28 00:00:00+00:00,0.0
2024-03-29 00:00:00+00:00,0.0
2024-03-30 00:00:00+00:00,0.0
2024-03-31 00:00:00+00:00,0.0
2024-04-01 00:00:00+00:00,0.0
2024-04-02 00:00:00+00:00,0.0
2024-04-03 00:00:00+00:00,0.0
2024-04-04 00:00:00+00:00,0.0
2024-04-05 00:00:00+00:00,0.0
2024-04-06 00:00:00+00:00,0.0
2024-04-07 00:00:00+00:00,0.0
2024-04-08 00:00:00+00:00,0.0
2024-04-09 00:00:00+00:00,0.0
2024-04-10 00:00:00+00:00,0.0
2024-04-11 00:00:00+00:00,0.0
2024-04-12 00:00:00+00:00,0.0
2024-04-13 00:00:00+00:00,0.0
2024-04-14 00:00:00+00:00,0.0
2024-04-15 00:00:00+00:00,0.0
2024-04-16 00:00:00+00:00,0.0
2024-04-17 00:00:00+00:00,0.0
2024-04-18 00:00:00+00:00,0.0
2024-04-19 00:00:00+00:00,0.0
2024-04-20 00:00:00+00:00,0.0
2024-04-21 00:00:00+00:00,0.0
2024-04-22 00:00:00+00:00,0.0
2024-04-23 00:00:00+00:00,0.0
2024-04-24 00:00:00+00:00,0.0
2024-04-25 00:00:00+00:00,0.0
2024-04-26 00:00:00+00:00,0.0
2024-04-27 00:00:00+00:00,0.0
2024-04-28 00:00:00+00:00,0.0
2024-04-29 00:00:00+00:00,-0.000916318756012946
2024-04-30 00:00:00+00:00,0.007372650813263659
2024-05-01 00:00:00+00:00,0.00237799792662452
2024-05-02 00:00:00+00:00,-0.008591154975851945
2024-05-03 00:00:00+00:00,-0.011530698313944265
2024-05-04 00:00:00+00:00,0.0
2024-05-05 00:00:00+00:00,0.0
2024-05-06 00:00:00+00:00,0.0
2024-05-07 00:00:00+00:00,0.0
2024-05-08 00:00:00+00:00,0.0
2024-05-09 00:00:00+00:00,0.0
2024-05-10 00:00:00+00:00,-0.0020524439543574413
2024-05-11 00:00:00+00:00,0.0
2024-05-12 00:00:00+00:00,0.0
2024-05-13 00:00:00+00:00,0.014785082758708823
2024-05-14 00:00:00+00:00,0.005187343450881565
2024-05-15 00:00:00+00:00,0.010276273009910186
2024-05-16 00:00:00+00:00,0.0020934176069755672
2024-05-17 00:00:00+00:00,0.0
2024-05-18 00:00:00+00:00,0.0
2024-05-19 00:00:00+00:00,0.0
2024-05-20 00:00:00+00:00,0.0
2024-05-21 00:00:00+00:00,0.0
2024-05-22 00:00:00+00:00,0.0
2024-05-23 00:00:00+00:00,0.0
2024-05-24 00:00:00+00:00,0.0
2024-05-25 00:00:00+00:00,0.0
2024-05-26 00:00:00+00:00,0.0
2024-05-27 00:00:00+00:00,0.0
2024-05-28 00:00:00+00:00,0.0
2024-05-29 00:00:00+00:00,0.0
2024-05-30 00:00:00+00:00,0.0
2024-05-31 00:00:00+00:00,-0.0009574191613130889
2024-06-01 00:00:00+00:00,0.0
2024-06-02 00:00:00+00:00,0.0
2024-06-03 00:00:00+00:00,0.004311308796357771
2024-06-04 00:00:00+00:00,0.0007717395424293727
2024-06-05 00:00:00+00:00,0.0036629359939908124
2024-06-06 00:00:00+00:00,-0.0033374337671788767
2024-06-07 00:00:00+00:00,0.005805862565876563
2024-06-08 00:00:00+00:00,0.0
2024-06-09 00:00:00+00:00,0.0
2024-06-10 00:00:00+00:00,-0.009029774318754402
2024-06-11 00:00:00+00:00,0.011926783546863051
2024-06-12 00:00:00+00:00,0.0
2024-06-13 00:00:00+00:00,0.0
2024-06-14 00:00:00+00:00,0.0
2024-06-15 00:00:00+00:00,0.0
2024-06-16 00:00:00+00:00,0.0
2024-06-17 00:00:00+00:00,-0.0008914896733822619
2024-06-18 00:00:00+00:00,-0.003889628566813741
2024-06-19 00:00:00+00:00,0.0
2024-06-20 00:00:00+00:00,-0.006358959764600769
2024-06-21 00:00:00+00:00,-0.0009067267493126918
2024-06-22 00:00:00+00:00,0.0
2024-06-23 00:00:00+00:00,0.0
2024-06-24 00:00:00+00:00,0.0010350391885791677
2024-06-25 00:00:00+00:00,0.00147937101668294
2024-06-26 00:00:00+00:00,0.006639393840639718
2024-06-27 00:00:00+00:00,0.0013412111433745988
2024-06-28 00:00:00+00:00,-0.005483721382296691
2024-06-29 00:00:00+00:00,0.0
2024-06-30 00:00:00+00:00,0.0
2024-07-01 00:00:00+00:00,0.009712806021336728
2024-07-02 00:00:00+00:00,0.002453331054583563
2024-07-03 00:00:00+00:00,0.0
2024-07-04 00:00:00+00:00,0.0
2024-07-05 00:00:00+00:00,0.0
2024-07-06 00:00:00+00:00,0.0
2024-07-07 00:00:00+00:00,0.0
2024-07-08 00:00:00+00:00,0.0
2024-07-09 00:00:00+00:00,0.0
2024-07-10 00:00:00+00:00,0.0
2024-07-11 00:00:00+00:00,0.0
2024-07-12 00:00:00+00:00,0.0
2024-07-13 00:00:00+00:00,0.0
2024-07-14 00:00:00+00:00,0.0
2024-07-15 00:00:00+00:00,0.0
2024-07-16 00:00:00+00:00,0.0
2024-07-17 00:00:00+00:00,0.0
2024-07-18 00:00:00+00:00,0.0
2024-07-19 00:00:00+00:00,0.0
2024-07-20 00:00:00+00:00,0.0
2024-07-21 00:00:00+00:00,0.0
2024-07-22 00:00:00+00:00,0.0
2024-07-23 00:00:00+00:00,0.0
2024-07-24 00:00:00+00:00,0.0
2024-07-25 00:00:00+00:00,0.0
2024-07-26 00:00:00+00:00,0.0
2024-07-27 00:00:00+00:00,0.0
2024-07-28 00:00:00+00:00,0.0
2024-07-29 00:00:00+00:00,0.0
2024-07-30 00:00:00+00:00,0.0
2024-07-31 00:00:00+00:00,0.0
2024-08-01 00:00:00+00:00,0.0
2024-08-02 00:00:00+00:00,0.0
2024-08-03 00:00:00+00:00,0.0
2024-08-04 00:00:00+00:00,0.0
2024-08-05 00:00:00+00:00,0.0
2024-08-06 00:00:00+00:00,0.0
2024-08-07 00:00:00+00:00,0.0
2024-08-08 00:00:00+00:00,0.0
2024-08-09 00:00:00+00:00,0.0
2024-08-10 00:00:00+00:00,0.0
2024-08-11 00:00:00+00:00,0.0
2024-08-12 00:00:00+00:00,0.0
2024-08-13 00:00:00+00:00,0.0
2024-08-14 00:00:00+00:00,0.0
2024-08-15 00:00:00+00:00,0.0
2024-08-16 00:00:00+00:00,0.0
2024-08-17 00:00:00+00:00,0.0
2024-08-18 00:00:00+00:00,0.0
2024-08-19 00:00:00+00:00,0.0
2024-08-20 00:00:00+00:00,0.0
2024-08-21 00:00:00+00:00,0.0
2024-08-22 00:00:00+00:00,0.0
2024-08-23 00:00:00+00:00,0.0
2024-08-24 00:00:00+00:00,0.0
2024-08-25 00:00:00+00:00,0.0
2024-08-26 00:00:00+00:00,0.0
2024-08-27 00:00:00+00:00,0.0
2024-08-28 00:00:00+00:00,0.0
2024-08-29 00:00:00+00:00,0.0
2024-08-30 00:00:00+00:00,0.0
2024-08-31 00:00:00+00:00,0.0
2024-09-01 00:00:00+00:00,0.0
2024-09-02 00:00:00+00:00,0.0
2024-09-03 00:00:00+00:00,0.0
2024-09-04 00:00:00+00:00,0.0
2024-09-05 00:00:00+00:00,0.0
2024-09-06 00:00:00+00:00,0.0
2024-09-07 00:00:00+00:00,0.0
2024-09-08 00:00:00+00:00,0.0
2024-09-09 00:00:00+00:00,0.0
2024-09-10 00:00:00+00:00,0.0
2024-09-11 00:00:00+00:00,0.0
2024-09-12 00:00:00+00:00,0.0
2024-09-13 00:00:00+00:00,0.0
2024-09-14 00:00:00+00:00,0.0
2024-09-15 00:00:00+00:00,0.0
2024-09-16 00:00:00+00:00,0.0
2024-09-17 00:00:00+00:00,0.0
2024-09-18 00:00:00+00:00,0.0
2024-09-19 00:00:00+00:00,-0.0009007446094468907
2024-09-20 00:00:00+00:00,-0.0009956115898621665
2024-09-21 00:00:00+00:00,0.0
2024-09-22 00:00:00+00:00,0.0
2024-09-23 00:00:00+00:00,-0.0025733203117978
2024-09-24 00:00:00+00:00,0.0013421753967004513
2024-09-25 00:00:00+00:00,-0.001489307085006275
2024-09-26 00:00:00+00:00,0.0017152576931922514
2024-09-27 00:00:00+00:00,0.00040202310257342333
2024-09-28 00:00:00+00:00,0.0
2024-09-29 00:00:00+00:00,0.0
2024-09-30 00:00:00+00:00,0.007754439441410632
2024-10-01 00:00:00+00:00,-0.0100283097467736
2024-10-02 00:00:00+00:00,0.0008503741416050481
2024-10-03 00:00:00+00:00,-0.0016545847333691022
2024-10-04 00:00:00+00:00,0.001687188667518713
2024-10-05 00:00:00+00:00,0.0
2024-10-06 00:00:00+00:00,0.0
2024-10-07 00:00:00+00:00,-0.007067863295734611
2024-10-08 00:00:00+00:00,0.0
2024-10-09 00:00:00+00:00,0.0
2024-10-10 00:00:00+00:00,0.0
2024-10-11 00:00:00+00:00,0.0
2024-10-12 00:00:00+00:00,0.0
2024-10-13 00:00:00+00:00,0.0
2024-10-14 00:00:00+00:00,0.0
2024-10-15 00:00:00+00:00,0.0
2024-10-16 00:00:00+00:00,0.0
2024-10-17 00:00:00+00:00,0.0
2024-10-18 00:00:00+00:00,0.0
2024-10-19 00:00:00+00:00,0.0
2024-10-20 00:00:00+00:00,0.0
2024-10-21 00:00:00+00:00,0.0
2024-10-22 00:00:00+00:00,0.0
2024-10-23 00:00:00+00:00,-0.0009028595906341863
2024-10-24 00:00:00+00:00,-0.00032537881733929463
2024-10-25 00:00:00+00:00,0.0014389850919256375
2024-10-26 00:00:00+00:00,0.0
2024-10-27 00:00:00+00:00,0.0
2024-10-28 00:00:00+00:00,0.0034041257197094943
2024-10-29 00:00:00+00:00,0.00046029938669822634
2024-10-30 00:00:00+00:00,-0.006083380603315036
2024-10-31 00:00:00+00:00,-0.009048916831519094
2024-11-01 00:00:00+00:00,0.0
2024-11-02 00:00:00+00:00,0.0
2024-11-03 00:00:00+00:00,0.0
2024-11-04 00:00:00+00:00,0.0
2024-11-05 00:00:00+00:00,0.0
2024-11-06 00:00:00+00:00,0.0
2024-11-07 00:00:00+00:00,0.0
2024-11-08 00:00:00+00:00,0.0
2024-11-09 00:00:00+00:00,0.0
2024-11-10 00:00:00+00:00,0.0
2024-11-11 00:00:00+00:00,0.0
2024-11-12 00:00:00+00:00,0.0
2024-11-13 00:00:00+00:00,0.0
2024-11-14 00:00:00+00:00,0.0
2024-11-15 00:00:00+00:00,0.0
2024-11-16 00:00:00+00:00,0.0
2024-11-17 00:00:00+00:00,0.0
2024-11-18 00:00:00+00:00,0.0
2024-11-19 00:00:00+00:00,0.0
2024-11-20 00:00:00+00:00,0.0
2024-11-21 00:00:00+00:00,0.0
2024-11-22 00:00:00+00:00,0.0
2024-11-23 00:00:00+00:00,0.0
2024-11-24 00:00:00+00:00,0.0
2024-11-25 00:00:00+00:00,-0.0009258459230463423
2024-11-26 00:00:00+00:00,0.004299082004804777
2024-11-27 00:00:00+00:00,-0.00025410423374838675
2024-11-28 00:00:00+00:00,0.0
2024-11-29 00:00:00+00:00,0.004692347429933852
2024-11-30 00:00:00+00:00,0.0
2024-12-01 00:00:00+00:00,0.0
2024-12-02 00:00:00+00:00,0.005523993109586289
2024-12-03 00:00:00+00:00,0.0
2024-12-04 00:00:00+00:00,0.0
2024-12-05 00:00:00+00:00,0.0
2024-12-06 00:00:00+00:00,0.0
2024-12-07 00:00:00+00:00,0.0
2024-12-08 00:00:00+00:00,0.0
2024-12-09 00:00:00+00:00,0.0
2024-12-10 00:00:00+00:00,0.0
2024-12-11 00:00:00+00:00,0.0
2024-12-12 00:00:00+00:00,0.0
2024-12-13 00:00:00+00:00,0.0
2024-12-14 00:00:00+00:00,0.0
2024-12-15 00:00:00+00:00,0.0
2024-12-16 00:00:00+00:00,-0.0009648563927763254
2024-12-17 00:00:00+00:00,0.005232074896546646
2024-12-18 00:00:00+00:00,-0.011582908294092031
2024-12-19 00:00:00+00:00,0.003755145679625649
2024-12-20 00:00:00+00:00,-0.008703257497254202
2024-12-21 00:00:00+00:00,0.0
2024-12-22 00:00:00+00:00,0.0
2024-12-23 00:00:00+00:00,0.0013980626035159371
2024-12-24 00:00:00+00:00,0.0052443647527107284
2024-12-25 00:00:00+00:00,0.0
2024-12-26 00:00:00+00:00,0.0014600491462466447
2024-12-27 00:00:00+00:00,-0.006098374818937935
2024-12-28 00:00:00+00:00,0.0
2024-12-29 00:00:00+00:00,0.0
2024-12-30 00:00:00+00:00,-0.006064238746112838
2024-12-31 00:00:00+00:00,-0.00320359995191144
2025-01-01 00:00:00+00:00,0.0
2025-01-02 00:00:00+00:00,-0.0030193695245832597
2025-01-03 00:00:00+00:00,0.0
2025-01-04 00:00:00+00:00,0.0
2025-01-05 00:00:00+00:00,0.0
2025-01-06 00:00:00+00:00,0.0
2025-01-07 00:00:00+00:00,0.0
2025-01-08 00:00:00+00:00,0.0
2025-01-09 00:00:00+00:00,0.0
2025-01-10 00:00:00+00:00,0.0
2025-01-11 00:00:00+00:00,0.0
2025-01-12 00:00:00+00:00,0.0
2025-01-13 00:00:00+00:00,0.0
2025-01-14 00:00:00+00:00,0.0
2025-01-15 00:00:00+00:00,0.0
2025-01-16 00:00:00+00:00,0.0
2025-01-17 00:00:00+00:00,0.0
2025-01-18 00:00:00+00:00,0.0
2025-01-19 00:00:00+00:00,0.0
2025-01-20 00:00:00+00:00,0.0
2025-01-21 00:00:00+00:00,-0.0008863471628762776
2025-01-22 00:00:00+00:00,-0.0016703291553833433
2025-01-23 00:00:00+00:00,0.00023901768898371145
2025-01-24 00:00:00+00:00,0.0012369723788121512
2025-01-25 00:00:00+00:00,0.0
2025-01-26 00:00:00+00:00,0.0
2025-01-27 00:00:00+00:00,-0.01086292760577201
2025-01-28 00:00:00+00:00,-0.011113794849488823
2025-01-29 00:00:00+00:00,-0.001432521464888814
2025-01-30 00:00:00+00:00,0.0023083640472767453
2025-01-31 00:00:00+00:00,-0.011100680218559145
2025-02-01 00:00:00+00:00,0.0
2025-02-02 00:00:00+00:00,0.0
2025-02-03 00:00:00+00:00,0.0
2025-02-04 00:00:00+00:00,0.0
2025-02-05 00:00:00+00:00,0.0
2025-02-06 00:00:00+00:00,0.0
2025-02-07 00:00:00+00:00,0.0
2025-02-08 00:00:00+00:00,0.0
2025-02-09 00:00:00+00:00,0.0
2025-02-10 00:00:00+00:00,0.0
2025-02-11 00:00:00+00:00,0.0
2025-02-12 00:00:00+00:00,0.0
2025-02-13 00:00:00+00:00,0.0
2025-02-14 00:00:00+00:00,0.0
2025-02-15 00:00:00+00:00,0.0
2025-02-16 00:00:00+00:00,0.0
2025-02-17 00:00:00+00:00,0.0
2025-02-18 00:00:00+00:00,0.0
2025-02-19 00:00:00+00:00,0.0
2025-02-20 00:00:00+00:00,0.0
2025-02-21 00:00:00+00:00,0.0
2025-02-22 00:00:00+00:00,0.0
2025-02-23 00:00:00+00:00,0.0
2025-02-24 00:00:00+00:00,0.0
2025-02-25 00:00:00+00:00,0.0
2025-02-26 00:00:00+00:00,0.0
2025-02-27 00:00:00+00:00,0.0
2025-02-28 00:00:00+00:00,0.0
2025-03-01 00:00:00+00:00,0.0
2025-03-02 00:00:00+00:00,0.0
2025-03-03 00:00:00+00:00,0.0
2025-03-04 00:00:00+00:00,0.0
2025-03-05 00:00:00+00:00,0.0
2025-03-06 00:00:00+00:00,0.0
2025-03-07 00:00:00+00:00,-0.0012937707532835185
2025-03-08 00:00:00+00:00,0.0
2025-03-09 00:00:00+00:00,0.0
2025-03-10 00:00:00+00:00,-0.010380226514824065
2025-03-11 00:00:00+00:00,-0.0008553479884888526
2025-03-12 00:00:00+00:00,0.004299874621864763
2025-03-13 00:00:00+00:00,0.008097070848787302
2025-03-14 00:00:00+00:00,-0.004192062046997402
2025-03-15 00:00:00+00:00,0.0
2025-03-16 00:00:00+00:00,0.0
2025-03-17 00:00:00+00:00,-0.0005635044092185959
2025-03-18 00:00:00+00:00,0.001448248988958012
2025-03-19 00:00:00+00:00,-0.002815033757567864
2025-03-20 00:00:00+00:00,0.0012620383604418084
2025-03-21 00:00:00+00:00,-0.004610584741545187
2025-03-22 00:00:00+00:00,0.0
2025-03-23 00:00:00+00:00,0.0
2025-03-24 00:00:00+00:00,-0.0027325117778768115
2025-03-25 00:00:00+00:00,-0.003363738434233876
2025-03-26 00:00:00+00:00,0.0024810274226618745
2025-03-27 00:00:00+00:00,-0.0025863685633431555
2025-03-28 00:00:00+00:00,0.006650343753766608
2025-03-29 00:00:00+00:00,0.0
2025-03-30 00:00:00+00:00,0.0
2025-03-31 00:00:00+00:00,-0.004696657057825182
2025-04-01 00:00:00+00:00,-0.0011824938345137426
2025-04-02 00:00:00+00:00,-0.0007818166482337352
2025-04-03 00:00:00+00:00,0.01701887213098674
2025-04-04 00:00:00+00:00,0.014396026977967713
2025-04-05 00:00:00+00:00,0.0
2025-04-06 00:00:00+00:00,0.0
2025-04-07 00:00:00+00:00,0.0
2025-04-08 00:00:00+00:00,0.0
2025-04-09 00:00:00+00:00,-0.0004103634070838913
2025-04-10 00:00:00+00:00,0.0029891616296191525
2025-04-11 00:00:00+00:00,-0.002732782563858116
2025-04-12 00:00:00+00:00,0.0
2025-04-13 00:00:00+00:00,0.0
2025-04-14 00:00:00+00:00,-0.0053162603176027945
2025-04-15 00:00:00+00:00,0.0
2025-04-16 00:00:00+00:00,0.0
2025-04-17 00:00:00+00:00,0.0
2025-04-18 00:00:00+00:00,0.0
2025-04-19 00:00:00+00:00,0.0
2025-04-20 00:00:00+00:00,0.0
2025-04-21 00:00:00+00:00,0.0
2025-04-22 00:00:00+00:00,0.0
2025-04-23 00:00:00+00:00,0.0
2025-04-24 00:00:00+00:00,0.0
2025-04-25 00:00:00+00:00,0.0
2025-04-26 00:00:00+00:00,0.0
2025-04-27 00:00:00+00:00,0.0
2025-04-28 00:00:00+00:00,0.0
2025-04-29 00:00:00+00:00,0.0
2025-04-30 00:00:00+00:00,0.0
2025-05-01 00:00:00+00:00,0.0
2025-05-02 00:00:00+00:00,0.0
2025-05-03 00:00:00+00:00,0.0
2025-05-04 00:00:00+00:00,0.0
2025-05-05 00:00:00+00:00,0.0
2025-05-06 00:00:00+00:00,0.0
2025-05-07 00:00:00+00:00,0.0
2025-05-08 00:00:00+00:00,0.0
2025-05-09 00:00:00+00:00,0.0
2025-05-10 00:00:00+00:00,0.0
2025-05-11 00:00:00+00:00,0.0
2025-05-12 00:00:00+00:00,0.0
2025-05-13 00:00:00+00:00,0.0
2025-05-14 00:00:00+00:00,0.0
2025-05-15 00:00:00+00:00,0.0
2025-05-16 00:00:00+00:00,0.0
2025-05-17 00:00:00+00:00,0.0
2025-05-18 00:00:00+00:00,0.0
2025-05-19 00:00:00+00:00,0.0
2025-05-20 00:00:00+00:00,0.0
2025-05-21 00:00:00+00:00,0.0
2025-05-22 00:00:00+00:00,0.0
2025-05-23 00:00:00+00:00,0.0
2025-05-24 00:00:00+00:00,0.0
2025-05-25 00:00:00+00:00,0.0
2025-05-26 00:00:00+00:00,0.0
2025-05-27 00:00:00+00:00,0.0
2025-05-28 00:00:00+00:00,0.0
2025-05-29 00:00:00+00:00,0.0
2025-05-30 00:00:00+00:00,0.0
2025-05-31 00:00:00+00:00,0.0
2025-06-01 00:00:00+00:00,0.0
2025-06-02 00:00:00+00:00,0.0
2025-06-03 00:00:00+00:00,0.0
2025-06-04 00:00:00+00:00,0.0
2025-06-05 00:00:00+00:00,0.0
2025-06-06 00:00:00+00:00,0.0
2025-06-07 00:00:00+00:00,0.0
2025-06-08 00:00:00+00:00,0.0
2025-06-09 00:00:00+00:00,0.0
2025-06-10 00:00:00+00:00,0.0
2025-06-11 00:00:00+00:00,0.0
2025-06-12 00:00:00+00:00,0.0
2025-06-13 00:00:00+00:00,0.0
2025-06-14 00:00:00+00:00,0.0
2025-06-15 00:00:00+00:00,0.0
2025-06-16 00:00:00+00:00,0.0
2025-06-17 00:00:00+00:00,0.0
2025-06-18 00:00:00+00:00,0.0
2025-06-19 00:00:00+00:00,0.0
2025-06-20 00:00:00+00:00,-0.0009633685140331139
2025-06-21 00:00:00+00:00,0.0
2025-06-22 00:00:00+00:00,0.0
2025-06-23 00:00:00+00:00,-0.0008274782725899987
2025-06-24 00:00:00+00:00,0.0019875925438606057
2025-06-25 00:00:00+00:00,-0.002082832349006747
2025-06-26 00:00:00+00:00,0.0009276353751928035
2025-06-27 00:00:00+00:00,-0.00013239652361440868
2025-06-28 00:00:00+00:00,0.0
2025-06-29 00:00:00+00:00,0.0
2025-06-30 00:00:00+00:00,-0.009938056513085769
2025-07-01 00:00:00+00:00,0.0
2025-07-02 00:00:00+00:00,0.0
2025-07-03 00:00:00+00:00,0.0
2025-07-04 00:00:00+00:00,0.0
2025-07-05 00:00:00+00:00,0.0
2025-07-06 00:00:00+00:00,0.0
2025-07-07 00:00:00+00:00,0.0
2025-07-08 00:00:00+00:00,0.0
2025-07-09 00:00:00+00:00,0.0
2025-07-10 00:00:00+00:00,0.0
2025-07-11 00:00:00+00:00,0.0
2025-07-12 00:00:00+00:00,0.0
2025-07-13 00:00:00+00:00,0.0
2025-07-14 00:00:00+00:00,0.0
2025-07-15 00:00:00+00:00,0.0
2025-07-16 00:00:00+00:00,0.0
2025-07-17 00:00:00+00:00,0.0
2025-07-18 00:00:00+00:00,0.0
2025-07-19 00:00:00+00:00,0.0
2025-07-20 00:00:00+00:00,0.0
2025-07-21 00:00:00+00:00,0.0
2025-07-22 00:00:00+00:00,0.0
2025-07-23 00:00:00+00:00,0.0
2025-07-24 00:00:00+00:00,0.0
2025-07-25 00:00:00+00:00,0.0
2025-07-26 00:00:00+00:00,0.0
2025-07-27 00:00:00+00:00,0.0
2025-07-28 00:00:00+00:00,0.0
2025-07-29 00:00:00+00:00,0.0
2025-07-30 00:00:00+00:00,0.0
2025-07-31 00:00:00+00:00,-0.0009217740357285731
2025-08-01 00:00:00+00:00,-0.010411750300511668
2025-08-02 00:00:00+00:00,0.0
2025-08-03 00:00:00+00:00,0.0
2025-08-04 00:00:00+00:00,0.0
2025-08-05 00:00:00+00:00,0.0
2025-08-06 00:00:00+00:00,0.0
2025-08-07 00:00:00+00:00,-0.000882604399543796
2025-08-08 00:00:00+00:00,0.014297472724288829
2025-08-09 00:00:00+00:00,0.0
2025-08-10 00:00:00+00:00,0.0
2025-08-11 00:00:00+00:00,0.0
2025-08-12 00:00:00+00:00,0.0
2025-08-13 00:00:00+00:00,0.0
2025-08-14 00:00:00+00:00,0.0
2025-08-15 00:00:00+00:00,0.0
2025-08-16 00:00:00+00:00,0.0
2025-08-17 00:00:00+00:00,0.0
2025-08-18 00:00:00+00:00,0.0
2025-08-19 00:00:00+00:00,0.0
2025-08-20 00:00:00+00:00,0.0
2025-08-21 00:00:00+00:00,0.0
2025-08-22 00:00:00+00:00,0.0
2025-08-23 00:00:00+00:00,0.0
2025-08-24 00:00:00+00:00,0.0
2025-08-25 00:00:00+00:00,0.0
2025-08-26 00:00:00+00:00,0.0
2025-08-27 00:00:00+00:00,0.0
2025-08-28 00:00:00+00:00,0.0
2025-08-29 00:00:00+00:00,0.0
2025-08-30 00:00:00+00:00,0.0
2025-08-31 00:00:00+00:00,0.0
2025-09-01 00:00:00+00:00,0.0
2025-09-02 00:00:00+00:00,0.0
2025-09-03 00:00:00+00:00,-0.0009082123500441242
2025-09-04 00:00:00+00:00,0.002148384866337949
2025-09-05 00:00:00+00:00,-0.00014728254070117686
2025-09-06 00:00:00+00:00,0.0
2025-09-07 00:00:00+00:00,0.0
2025-09-08 00:00:00+00:00,-0.0029624518582057613
2025-09-09 00:00:00+00:00,-0.005794766196254186
2025-09-10 00:00:00+00:00,-0.003503104153909309
2025-09-11 00:00:00+00:00,0.0
2025-09-12 00:00:00+00:00,0.0
2025-09-13 00:00:00+00:00,0.0
2025-09-14 00:00:00+00:00,0.0
2025-09-15 00:00:00+00:00,0.0
2025-09-16 00:00:00+00:00,0.0
2025-09-17 00:00:00+00:00,0.0
2025-09-18 00:00:00+00:00,0.0
2025-09-19 00:00:00+00:00,-0.0009048476599730071
2025-09-20 00:00:00+00:00,0.0
2025-09-21 00:00:00+00:00,0.0
2025-09-22 00:00:00+00:00,0.014256471890268907
2025-09-23 00:00:00+00:00,0.0
2025-09-24 00:00:00+00:00,0.0
2025-09-25 00:00:00+00:00,0.0
2025-09-26 00:00:00+00:00,0.0
2025-09-27 00:00:00+00:00,0.0
2025-09-28 00:00:00+00:00,0.0
2025-09-29 00:00:00+00:00,0.0
2025-09-30 00:00:00+00:00,0.0
2025-10-01 00:00:00+00:00,0.0
2025-10-02 00:00:00+00:00,0.0
2025-10-03 00:00:00+00:00,0.0
2025-10-04 00:00:00+00:00,0.0
2025-10-05 00:00:00+00:00,0.0
2025-10-06 00:00:00+00:00,0.0
2025-10-07 00:00:00+00:00,0.0
2025-10-08 00:00:00+00:00,0.0
2025-10-09 00:00:00+00:00,-0.0032888360376582826
2025-10-10 00:00:00+00:00,-0.011407553179374808
2025-10-11 00:00:00+00:00,0.0
2025-10-12 00:00:00+00:00,0.0
2025-10-13 00:00:00+00:00,0.0
2025-10-14 00:00:00+00:00,0.0
2025-10-15 00:00:00+00:00,0.0
2025-10-16 00:00:00+00:00,0.0
2025-10-17 00:00:00+00:00,0.0
2025-10-18 00:00:00+00:00,0.0
2025-10-19 00:00:00+00:00,0.0
2025-10-20 00:00:00+00:00,-0.0009049241643381833
2025-10-21 00:00:00+00:00,0.0007573572189178979
2025-10-22 00:00:00+00:00,-0.010963159266493827
2025-10-23 00:00:00+00:00,0.0
2025-10-24 00:00:00+00:00,0.0
2025-10-25 00:00:00+00:00,0.0
2025-10-26 00:00:00+00:00,0.0
2025-10-27 00:00:00+00:00,0.0
2025-10-28 00:00:00+00:00,0.0
2025-10-29 00:00:00+00:00,0.0
2025-10-30 00:00:00+00:00,-0.0009147181175342967
2025-10-31 00:00:00+00:00,-0.0015799040179806934
2025-11-01 00:00:00+00:00,0.0
2025-11-02 00:00:00+00:00,0.0
2025-11-03 00:00:00+00:00,-0.0020279353059872163
2025-11-04 00:00:00+00:00,0.0015240421383506675
2025-11-05 00:00:00+00:00,0.00015370939074976775
2025-11-06 00:00:00+00:00,-0.000568637340875422
2025-11-07 00:00:00+00:00,-0.001999051716906397
2025-11-08 00:00:00+00:00,0.0
2025-11-09 00:00:00+00:00,0.0
2025-11-10 00:00:00+00:00,0.0014791797631761305
2025-11-11 00:00:00+00:00,0.008954282321052442
2025-11-12 00:00:00+00:00,-0.0027142904140108337
2025-11-13 00:00:00+00:00,-0.0007950968965168004
2025-11-14 00:00:00+00:00,-0.0008263345624288654
2025-11-15 00:00:00+00:00,0.0
2025-11-16 00:00:00+00:00,0.0
2025-11-17 00:00:00+00:00,-0.007580997929538702
2025-11-18 00:00:00+00:00,-0.004286615718518072
2025-11-19 00:00:00+00:00,0.0
2025-11-20 00:00:00+00:00,0.0
2025-11-21 00:00:00+00:00,0.0
2025-11-22 00:00:00+00:00,0.0
2025-11-23 00:00:00+00:00,0.0
2025-11-24 00:00:00+00:00,0.0
2025-11-25 00:00:00+00:00,0.0
2025-11-26 00:00:00+00:00,0.0
2025-11-27 00:00:00+00:00,0.0
2025-11-28 00:00:00+00:00,0.0
2025-11-29 00:00:00+00:00,0.0
2025-11-30 00:00:00+00:00,0.0
2025-12-01 00:00:00+00:00,0.0
2025-12-02 00:00:00+00:00,0.0
2025-12-03 00:00:00+00:00,0.0
2025-12-04 00:00:00+00:00,0.0
2025-12-05 00:00:00+00:00,0.0
2025-12-06 00:00:00+00:00,0.0
2025-12-07 00:00:00+00:00,0.0
2025-12-08 00:00:00+00:00,0.0
2025-12-09 00:00:00+00:00,0.0
2025-12-10 00:00:00+00:00,0.0
2025-12-11 00:00:00+00:00,0.0
2025-12-12 00:00:00+00:00,0.0
2025-12-13 00:00:00+00:00,0.0
2025-12-14 00:00:00+00:00,0.0
2025-12-15 00:00:00+00:00,0.0
2025-12-16 00:00:00+00:00,0.0
2025-12-17 00:00:00+00:00,0.0
2025-12-18 00:00:00+00:00,0.0
2025-12-19 00:00:00+00:00,0.0
2025-12-20 00:00:00+00:00,0.0
2025-12-21 00:00:00+00:00,0.0
2025-12-22 00:00:00+00:00,0.0
2025-12-23 00:00:00+00:00,0.0
2025-12-24 00:00:00+00:00,0.0
2025-12-25 00:00:00+00:00,0.0
2025-12-26 00:00:00+00:00,0.0
2025-12-27 00:00:00+00:00,0.0
2025-12-28 00:00:00+00:00,0.0
2025-12-29 00:00:00+00:00,0.0
2025-12-30 00:00:00+00:00,0.0
2025-12-31 00:00:00+00:00,0.0
